{
	"partitions" : [
		{
			"name" : "Top",
			"pins" : [
				{
					"name" : "convst",
					"strict" : false
				},
				{
					"name" : "sck",
					"strict" : false
				},
				{
					"name" : "adc_value[0]",
					"strict" : false
				},
				{
					"name" : "adc_value[1]",
					"strict" : false
				},
				{
					"name" : "adc_value[2]",
					"strict" : false
				},
				{
					"name" : "adc_value[3]",
					"strict" : false
				},
				{
					"name" : "adc_value[4]",
					"strict" : false
				},
				{
					"name" : "adc_value[5]",
					"strict" : false
				},
				{
					"name" : "adc_value[6]",
					"strict" : false
				},
				{
					"name" : "adc_value[7]",
					"strict" : false
				},
				{
					"name" : "adc_value[8]",
					"strict" : false
				},
				{
					"name" : "adc_value[9]",
					"strict" : false
				},
				{
					"name" : "adc_value[10]",
					"strict" : false
				},
				{
					"name" : "adc_value[11]",
					"strict" : false
				},
				{
					"name" : "clk",
					"strict" : false
				},
				{
					"name" : "reset",
					"strict" : false
				},
				{
					"name" : "sdo",
					"strict" : false
				}
			]
		}
	]
}