<?xml version="1.0" encoding="UTF-8"?>
<preferences>
 <debug showDebugMenu="0" />
 <systemtable filter="All Interfaces">
  <columns>
   <connections preferredWidth="143" />
   <irq preferredWidth="34" />
  </columns>
 </systemtable>
 <library
   expandedCategories="Library/University Program/Generic IO,Library/University Program,Library,Library/Processors and Peripherals,Library/Processors and Peripherals/Peripherals,Project" />
 <window width="1936" height="1048" x="-8" y="-8" />
</preferences>
