<?xml version="1.0" encoding="UTF-8"?>
<preferences>
 <debug showDebugMenu="0" />
 <systemtable filter="All Interfaces">
  <columns>
   <connections preferredWidth="127" />
   <irq preferredWidth="34" />
  </columns>
 </systemtable>
 <library
   expandedCategories="Library/Basic Functions,Library/Processors and Peripherals/Embedded Processors,Library/Basic Functions/Simulation; Debug and Verification/Debug and Performance,Library/Processors and Peripherals/Hard Processor Systems,Library,Library/Basic Functions/Simulation; Debug and Verification,Library/Basic Functions/On Chip Memory,Library/Basic Functions/Configuration and Programming,Library/Processors and Peripherals" />
 <window width="1100" height="800" x="0" y="0" />
</preferences>
